ACCIDENT_DATE,ACCIDENT_TIME,ALCOHOLTIME,ACCIDENT_TYPE,DCA_CODE,HIT_RUN_FLAG,LIGHT_CONDITION,POLICE_ATTEND,ROAD_GEOMETRY,SEVERITY,SPEED_ZONE,LONGITUDE,LATITUDE,LGA_NAME,REGION_NAME,TOTAL_PERSONS,INJ_OR_FATAL,FATALITY,SERIOUSINJURY,OTHERINJURY,NONINJURED,MALES,FEMALES,BICYCLIST,PASSENGER,DRIVER,PEDESTRIAN,PILLION,MOTORIST,UNKNOWN,PED_CYCLIST_5_12,PED_CYCLIST_13_18,OLD_PEDESTRIAN,OLD_DRIVER,YOUNG_DRIVER,ALCOHOL_RELATED,UNLICENCSED,NO_OF_VEHICLES,HEAVYVEHICLE,PASSENGERVEHICLE,MOTORCYCLE,PUBLICVEHICLE,DEG_URBAN_NAME
10/12/2012,17.40.00,No,Collision with a fixed object,LEFT OFF CARRIAGEWAY INTO OBJECT/PARKED VEHICLE,No,Day,Yes,Not at intersection,Serious injury accident,50 km/hr,145.09939,-37.7805,MANNINGHAM,METROPOLITAN SOUTH EAST REGION,1,1,0,1,0,0,0,1,0,0,1,0,0,0,0,0,0,0,1,0,No,0,1,0,1,0,0,Metropolitan Excluding CBD
10/12/2012,14.00.00,No,Collision with vehicle,REAR END(VEHICLES IN SAME LANE),No,Day,No,Cross intersection,Other injury accident,70 km/hr,145.16196,-37.78916,MANNINGHAM,METROPOLITAN SOUTH EAST REGION,2,1,0,0,1,1,2,0,0,0,2,0,0,0,0,0,0,0,0,0,No,0,2,0,2,0,0,Metropolitan Excluding CBD
11/12/2012,11.00.00,No,No collision and no object struck,UNKNOWN-NO DETAILS ON MANOEUVRES OF ROAD-USERS IN ACCIDENT,No,Day,No,Not at intersection,Other injury accident,50 km/hr,145.14533,-37.76889,MANNINGHAM,METROPOLITAN SOUTH EAST REGION,2,1,0,0,1,1,1,1,0,1,1,0,0,0,0,0,0,0,0,0,No,0,1,0,1,0,0,Metropolitan Excluding CBD
11/12/2012,17.52.00,No,Collision with vehicle,LANE CHANGE LEFT (NOT OVERTAKING),No,Day,Yes,T intersection,Other injury accident,70 km/hr,145.12323,-37.7796,MANNINGHAM,METROPOLITAN SOUTH EAST REGION,2,1,0,0,1,1,2,0,0,0,1,0,0,1,0,0,0,0,0,0,No,0,2,0,1,1,0,Metropolitan Excluding CBD
12/12/2012,16.50.00,No,Collision with vehicle,RIGHT THROUGH,No,Day,Yes,T intersection,Serious injury accident,70 km/hr,145.17386,-37.75871,MANNINGHAM,METROPOLITAN SOUTH EAST REGION,8,3,0,2,1,5,5,3,0,6,2,0,0,0,0,0,0,0,1,0,No,0,2,0,2,0,0,Metropolitan Excluding CBD
19/12/2012,18.30.00,Yes,Collision with vehicle,RIGHT THROUGH,No,Day,Yes,T intersection,Serious injury accident,60 km/hr,145.12547,-37.79096,MANNINGHAM,METROPOLITAN SOUTH EAST REGION,2,1,0,1,0,1,1,1,0,0,2,0,0,0,0,0,0,0,0,1,No,0,2,0,2,0,0,Metropolitan Excluding CBD
21/12/2012,15.50.00,No,Collision with vehicle,RIGHT NEAR (INTERSECTIONS ONLY),No,Day,Yes,Cross intersection,Other injury accident,70 km/hr,145.13502,-37.75256,MANNINGHAM,METROPOLITAN SOUTH EAST REGION,3,2,0,0,2,1,2,1,0,1,2,0,0,0,0,0,0,0,0,1,No,0,2,0,2,0,0,Metropolitan Excluding CBD
23/12/2012,16.00.00,Yes,Collision with vehicle,LANE SIDE SWIPE (VEHICLES IN PARALLEL LANES),No,Day,Yes,T intersection,Other injury accident,70 km/hr,145.08544,-37.76406,MANNINGHAM,METROPOLITAN SOUTH EAST REGION,4,1,0,0,1,3,2,2,0,2,2,0,0,0,0,0,0,0,0,0,No,0,2,0,2,0,0,Metropolitan Excluding CBD
24/12/2012,08.48.00,No,Struck Pedestrian,ANY MANOEUVRE INVOLVING PED NOT INCLUDED IN DCAs 100-108.,No,Day,Yes,T intersection,Serious injury accident,50 km/hr,145.11587,-37.7926,MANNINGHAM,METROPOLITAN SOUTH EAST REGION,2,1,0,1,0,1,2,0,0,0,1,1,0,0,0,0,0,1,0,0,No,0,1,1,0,0,0,Metropolitan Excluding CBD
26/12/2012,09.30.00,No,No collision and no object struck,OUT OF CONTROL ON CARRIAGEWAY (ON BEND),No,Day,Yes,Not at intersection,Serious injury accident,60 km/hr,145.23759,-37.74272,MANNINGHAM,METROPOLITAN SOUTH EAST REGION,2,1,0,1,0,1,1,1,0,0,1,0,0,1,0,0,0,0,0,1,No,0,2,0,1,1,0,Metropolitan Excluding CBD
27/12/2012,05.30.00,Yes,Collision with a fixed object,OFF END OF ROAD/T-INTERSECTION.,No,Dusk/Dawn,Yes,T intersection,Other injury accident,60 km/hr,145.28288,-37.73466,MANNINGHAM,METROPOLITAN SOUTH EAST REGION,1,1,0,0,1,0,1,0,0,0,1,0,0,0,0,0,0,0,0,0,Yes,0,1,0,1,0,0,Other Towns
28/12/2012,20.42.00,Yes,Collision with a fixed object,RIGHT OFF CARRIAGEWAY INTO OBJECT/PARKED VEHICLE,No,Dark Street lights unknown,Yes,T intersection,Other injury accident,50 km/hr,145.15553,-37.79042,MANNINGHAM,METROPOLITAN SOUTH EAST REGION,3,1,0,0,1,2,2,1,0,2,1,0,0,0,0,0,0,0,0,1,No,0,1,0,1,0,0,Metropolitan Excluding CBD
30/12/2012,10.20.00,No,Collision with vehicle,REAR END(VEHICLES IN SAME LANE),No,Day,Yes,Not at intersection,Other injury accident,80 km/hr,145.13608,-37.7463,MANNINGHAM,METROPOLITAN SOUTH EAST REGION,2,1,0,0,1,1,1,1,1,0,1,0,0,0,0,0,0,0,0,0,No,0,2,0,1,0,0,Metropolitan Excluding CBD
1/01/2013,15.15.00,No,Vehicle overturned (no collision),OTHER ACCIDENTS-OFF STRAIGHT NOT INCLUDED IN DCAs 170-175,No,Day,No,Not at intersection,Other injury accident,Not known,145.07889,-37.77456,MANNINGHAM,METROPOLITAN SOUTH EAST REGION,1,1,0,0,1,0,1,0,0,0,0,0,0,1,0,0,0,0,0,0,No,0,1,0,0,1,0,Metropolitan Excluding CBD
3/01/2013,15.10.00,No,Collision with vehicle,CROSS TRAFFIC(INTERSECTIONS ONLY),No,Day,Yes,Cross intersection,Serious injury accident,70 km/hr,145.16888,-37.75041,MANNINGHAM,METROPOLITAN SOUTH EAST REGION,3,1,0,1,0,2,2,1,0,1,2,0,0,0,0,0,0,0,0,1,No,0,2,0,2,0,0,Metropolitan Excluding CBD
7/01/2013,21.00.00,Yes,No collision and no object struck,OUT OF CONTROL ON CARRIAGEWAY (ON STRAIGHT),Yes,Dusk/Dawn,No,Not at intersection,Other injury accident,60 km/hr,145.128,-37.78733,MANNINGHAM,METROPOLITAN SOUTH EAST REGION,2,1,0,0,1,1,1,0,1,0,1,0,0,0,0,0,0,0,0,0,No,0,2,0,0,0,1,Metropolitan Excluding CBD
15/01/2013,18.47.00,Yes,Collision with vehicle,CROSS TRAFFIC(INTERSECTIONS ONLY),No,Day,Yes,Cross intersection,Serious injury accident,60 km/hr,145.16565,-37.76857,MANNINGHAM,METROPOLITAN SOUTH EAST REGION,3,1,0,1,0,2,2,1,0,1,2,0,0,0,0,0,0,0,0,1,No,0,2,0,2,0,0,Metropolitan Excluding CBD
17/01/2013,09.30.00,No,Collision with vehicle,RIGHT THROUGH,No,Day,Yes,Cross intersection,Other injury accident,60 km/hr,145.1448,-37.78035,MANNINGHAM,METROPOLITAN SOUTH EAST REGION,2,1,0,0,1,1,0,2,0,0,2,0,0,0,0,0,0,0,0,0,No,0,2,0,2,0,0,Metropolitan Excluding CBD
21/01/2013,08.30.00,No,Collision with vehicle,REAR END(VEHICLES IN SAME LANE),No,Day,No,Cross intersection,Other injury accident,60 km/hr,145.11885,-37.79574,MANNINGHAM,METROPOLITAN SOUTH EAST REGION,2,1,0,0,1,1,0,2,0,0,2,0,0,0,0,0,0,0,0,1,No,0,2,0,2,0,0,Metropolitan Excluding CBD
22/01/2013,01.30.00,Yes,Collision with a fixed object,OFF LEFT BEND INTO OBJECT/PARKED VEHICLE,No,Dark No street lights,Yes,Not at intersection,Other injury accident,60 km/hr,145.24803,-37.73642,MANNINGHAM,METROPOLITAN SOUTH EAST REGION,2,2,0,0,2,0,1,1,0,1,1,0,0,0,0,0,0,0,0,1,Yes,0,1,0,1,0,0,Country
24/01/2013,14.10.00,No,Collision with a fixed object,LEFT OFF CARRIAGEWAY INTO OBJECT/PARKED VEHICLE,No,Day,Yes,T intersection,Serious injury accident,60 km/hr,145.15667,-37.77429,MANNINGHAM,METROPOLITAN SOUTH EAST REGION,1,1,0,1,0,0,0,1,0,0,1,0,0,0,0,0,0,0,0,0,No,0,1,0,1,0,0,Metropolitan Excluding CBD
24/01/2013,17.11.00,No,Collision with vehicle,REAR END(VEHICLES IN SAME LANE),No,Day,Yes,Cross intersection,Serious injury accident,70 km/hr,145.16196,-37.78916,MANNINGHAM,METROPOLITAN SOUTH EAST REGION,11,1,0,1,0,10,5,6,0,7,4,0,0,0,0,0,0,0,0,0,No,0,4,0,4,0,0,Metropolitan Excluding CBD
31/01/2013,20.00.00,Yes,Struck Pedestrian,PED ON FOOTHPATH STRUCK BY VEHENTERING/LEAVING DRIVEWAY.,No,Day,No,Not at intersection,Other injury accident,60 km/hr,145.11497,-37.77309,MANNINGHAM,METROPOLITAN SOUTH EAST REGION,2,2,0,0,2,0,0,2,0,0,1,1,0,0,0,0,0,0,1,0,No,0,1,0,1,0,0,Metropolitan Excluding CBD
1/02/2013,15.15.00,No,Collision with vehicle,HEAD ON (NOT OVERTAKING),No,Day,Yes,Cross intersection,Other injury accident,70 km/hr,145.16159,-37.79114,MANNINGHAM,METROPOLITAN SOUTH EAST REGION,2,1,0,0,1,1,0,2,0,0,2,0,0,0,0,0,0,0,0,0,No,0,2,0,2,0,0,Metropolitan Excluding CBD
2/02/2013,17.35.00,Yes,Collision with vehicle,HEAD ON (NOT OVERTAKING),No,Day,Yes,Not at intersection,Serious injury accident,70 km/hr,145.09532,-37.75535,MANNINGHAM,METROPOLITAN SOUTH EAST REGION,3,3,0,3,0,0,1,2,0,1,2,0,0,0,0,0,0,0,0,0,No,0,2,0,2,0,0,Metropolitan Excluding CBD
5/02/2013,05.55.00,Yes,Collision with vehicle,CROSS TRAFFIC(INTERSECTIONS ONLY),No,Dusk/Dawn,Yes,Cross intersection,Other injury accident,60 km/hr,145.1448,-37.78035,MANNINGHAM,METROPOLITAN SOUTH EAST REGION,2,1,0,0,1,1,2,0,0,0,2,0,0,0,0,0,0,0,0,1,No,0,2,0,2,0,0,Metropolitan Excluding CBD
13/02/2013,01.30.00,Yes,Collision with a fixed object,OFF RIGHT BEND INTO OBJECT/PARKED VEHICLE,No,Dark Street lights on,Yes,T intersection,Other injury accident,60 km/hr,145.16819,-37.77494,MANNINGHAM,METROPOLITAN SOUTH EAST REGION,1,1,0,0,1,0,0,1,0,0,1,0,0,0,0,0,0,0,0,0,No,0,1,0,1,0,0,Metropolitan Excluding CBD
18/02/2013,07.55.00,No,Collision with vehicle,LEFT NEAR (INTERSECTIONS ONLY),No,Day,Yes,T intersection,Other injury accident,70 km/hr,145.12195,-37.78786,MANNINGHAM,METROPOLITAN SOUTH EAST REGION,3,3,0,0,3,0,1,2,0,1,2,0,0,0,0,0,0,0,0,0,No,0,2,0,2,0,0,Metropolitan Excluding CBD
18/02/2013,18.55.00,Yes,Struck Pedestrian,PED NEAR SIDE. PED HIT BY VEHICLE FROM THE RIGHT.,No,Day,Yes,Not at intersection,Other injury accident,50 km/hr,145.20855,-37.78024,MANNINGHAM,METROPOLITAN SOUTH EAST REGION,2,1,0,0,1,1,0,2,0,0,1,1,0,0,0,1,0,0,0,1,No,0,1,0,1,0,0,Metropolitan Excluding CBD
18/02/2013,14.35.00,No,Collision with vehicle,CUTTING IN (OVERTAKING),Yes,Day,No,Not at intersection,Other injury accident,60 km/hr,145.16664,-37.76306,MANNINGHAM,METROPOLITAN SOUTH EAST REGION,2,1,0,0,1,1,2,0,1,0,1,0,0,0,0,0,0,0,0,0,No,0,2,0,1,0,0,Metropolitan Excluding CBD
18/02/2013,06.45.00,No,Collision with vehicle,REAR END(VEHICLES IN SAME LANE),No,Dusk/Dawn,No,Not at intersection,Other injury accident,40 km/hr,145.1352,-37.7513,MANNINGHAM,METROPOLITAN SOUTH EAST REGION,2,1,0,0,1,1,1,1,0,0,2,0,0,0,0,0,0,0,0,1,No,0,2,0,2,0,0,Metropolitan Excluding CBD
21/02/2013,21.30.00,Yes,Collision with a fixed object,OFF RIGHT BEND INTO OBJECT/PARKED VEHICLE,No,Dark Street lights on,Yes,T intersection,Other injury accident,60 km/hr,145.12531,-37.7564,MANNINGHAM,METROPOLITAN SOUTH EAST REGION,4,4,0,0,4,0,2,2,0,3,1,0,0,0,0,0,0,0,0,1,No,0,1,0,1,0,0,Metropolitan Excluding CBD
22/02/2013,09.00.00,No,Vehicle overturned (no collision),OTHER ACCIDENTS ON CURVE NOT INCLUDED IN DCAs 180-184,No,Day,No,Not at intersection,Other injury accident,70 km/hr,145.25634,-37.75495,MANNINGHAM,METROPOLITAN SOUTH EAST REGION,1,1,0,0,1,0,1,0,0,0,0,0,0,1,0,0,0,0,0,0,No,0,1,0,0,1,0,Country
26/02/2013,20.40.00,Yes,Collision with vehicle,VEHICLE STRIKES ANOTHER VEH WHILE EMERGING FROM DRIVEWAY,No,Dark Street lights on,Yes,Not at intersection,Other injury accident,70 km/hr,145.0791,-37.77232,MANNINGHAM,METROPOLITAN SOUTH EAST REGION,3,1,0,0,1,2,1,2,0,1,2,0,0,0,0,0,0,0,1,0,No,0,2,0,2,0,0,Metropolitan Excluding CBD
1/03/2013,07.40.00,No,Struck Pedestrian,FAR SIDE. PED HIT BY VEHICLE FROM THE LEFT,No,Day,Yes,T intersection,Serious injury accident,80 km/hr,145.12323,-37.7796,MANNINGHAM,METROPOLITAN SOUTH EAST REGION,2,1,0,1,0,1,0,2,0,0,1,1,0,0,0,0,0,0,0,0,No,0,1,0,1,0,0,Metropolitan Excluding CBD
1/03/2013,10.45.00,No,Vehicle overturned (no collision),OUT OF CONTROL ON CARRIAGEWAY (ON STRAIGHT),No,Day,Yes,T intersection,Other injury accident,50 km/hr,145.23177,-37.77367,MANNINGHAM,METROPOLITAN SOUTH EAST REGION,1,1,0,0,1,0,0,1,0,0,1,0,0,0,0,0,0,0,0,0,No,0,1,0,1,0,0,Metropolitan Excluding CBD
3/03/2013,14.25.00,No,Collision with vehicle,VEHICLE STRIKES ANOTHER VEH WHILE EMERGING FROM DRIVEWAY,No,Day,No,Not at intersection,Other injury accident,60 km/hr,145.1995,-37.77134,MANNINGHAM,METROPOLITAN SOUTH EAST REGION,2,1,0,0,1,1,1,0,1,0,0,0,0,0,1,0,0,0,0,0,No,0,2,0,0,0,0,Metropolitan Excluding CBD
6/03/2013,06.10.00,No,Collision with vehicle,VEHICLE COLLIDES WITH VEHICLE PARKED ON LEFT OF ROAD,No,Dusk/Dawn,Yes,T intersection,Serious injury accident,50 km/hr,145.22047,-37.77962,MANNINGHAM,METROPOLITAN SOUTH EAST REGION,1,1,0,1,0,0,1,0,0,0,1,0,0,0,0,0,0,0,0,0,No,0,2,0,1,0,0,Metropolitan Excluding CBD
9/03/2013,04.45.00,Yes,Collision with vehicle,RIGHT NEAR (INTERSECTIONS ONLY),No,Dark Street lights on,Yes,T intersection,Other injury accident,70 km/hr,145.08079,-37.76018,MANNINGHAM,METROPOLITAN SOUTH EAST REGION,3,1,0,0,1,2,2,1,0,1,2,0,0,0,0,0,0,0,0,1,No,1,2,0,2,0,0,Metropolitan Excluding CBD
13/03/2013,09.00.00,No,Collision with vehicle,REAR END(VEHICLES IN SAME LANE),No,Day,Yes,T intersection,Other injury accident,60 km/hr,145.15976,-37.80079,MANNINGHAM,METROPOLITAN SOUTH EAST REGION,4,1,0,0,1,3,2,2,0,0,4,0,0,0,0,0,0,0,0,0,No,1,4,0,4,0,0,Metropolitan Excluding CBD
14/03/2013,07.45.00,No,Collision with vehicle,RIGHT THROUGH,No,Day,Yes,T intersection,Serious injury accident,60 km/hr,145.10594,-37.78601,MANNINGHAM,METROPOLITAN SOUTH EAST REGION,2,1,0,1,0,1,1,1,0,0,1,0,0,1,0,0,0,0,0,0,No,0,2,0,1,1,0,Metropolitan Excluding CBD
15/03/2013,08.40.00,No,Collision with vehicle,VEHICLE COLLIDES WITH VEHICLE PARKED ON LEFT OF ROAD,No,Day,Yes,Not at intersection,Other injury accident,50 km/hr,145.11908,-37.77152,MANNINGHAM,METROPOLITAN SOUTH EAST REGION,1,1,0,0,1,0,0,1,0,0,1,0,0,0,0,0,0,0,0,0,No,0,2,0,2,0,0,Metropolitan Excluding CBD
16/03/2013,08.50.00,No,Collision with vehicle,RIGHT THROUGH,No,Day,Yes,Cross intersection,Other injury accident,70 km/hr,145.11854,-37.75782,MANNINGHAM,METROPOLITAN SOUTH EAST REGION,2,1,0,0,1,1,0,2,0,0,2,0,0,0,0,0,0,0,0,0,No,0,2,0,2,0,0,Metropolitan Excluding CBD
20/03/2013,20.40.00,Yes,Collision with vehicle,PULLING OUT -REAR END,No,Dark No street lights,Yes,Not at intersection,Serious injury accident,60 km/hr,145.2442,-37.73771,MANNINGHAM,METROPOLITAN SOUTH EAST REGION,2,1,0,1,0,1,2,0,0,0,2,0,0,0,0,0,0,0,0,0,No,0,2,0,2,0,0,Country
20/03/2013,17.00.00,No,No collision and no object struck,OTHER ACCIDENTS NOT CLASSIFIABLE ELSEWHERE,No,Dusk/Dawn,No,T intersection,Serious injury accident,60 km/hr,145.17953,-37.795,MANNINGHAM,METROPOLITAN SOUTH EAST REGION,2,1,0,1,0,1,1,1,0,1,1,0,0,0,0,0,0,0,0,0,No,0,1,0,0,0,1,Metropolitan Excluding CBD
25/03/2013,09.10.00,No,Collision with vehicle,VEHICLE STRIKES ANOTHER VEH WHILE EMERGING FROM DRIVEWAY,No,Day,Yes,Not at intersection,Other injury accident,70 km/hr,145.09204,-37.77494,MANNINGHAM,METROPOLITAN SOUTH EAST REGION,4,2,0,0,2,2,3,1,0,1,3,0,0,0,0,0,0,0,1,0,No,0,3,0,3,0,0,Metropolitan Excluding CBD
25/03/2013,08.15.00,No,Collision with vehicle,RIGHT THROUGH,No,Day,Yes,T intersection,Other injury accident,60 km/hr,145.106,-37.78819,MANNINGHAM,METROPOLITAN SOUTH EAST REGION,2,1,0,0,1,1,1,1,0,0,2,0,0,0,0,0,0,0,0,1,No,0,2,0,2,0,0,Metropolitan Excluding CBD
25/03/2013,18.00.00,Yes,Collision with vehicle,REAR END(VEHICLES IN SAME LANE),No,Unk.,No,T intersection,Other injury accident,60 km/hr,145.1266,-37.79664,MANNINGHAM,METROPOLITAN SOUTH EAST REGION,3,1,0,0,1,2,0,3,0,0,3,0,0,0,0,0,0,0,0,1,No,0,3,0,3,0,0,Metropolitan Excluding CBD
26/03/2013,14.00.00,No,Struck Pedestrian,PED NEAR SIDE. PED HIT BY VEHICLE FROM THE RIGHT.,Yes,Day,Yes,T intersection,Serious injury accident,60 km/hr,145.14434,-37.78337,MANNINGHAM,METROPOLITAN SOUTH EAST REGION,2,1,0,1,0,1,1,0,0,0,0,1,0,0,1,0,0,0,0,0,No,0,1,0,0,0,0,Metropolitan Excluding CBD
27/03/2013,17.30.00,No,Collision with vehicle,RIGHT THROUGH,No,Day,Yes,Cross intersection,Other injury accident,60 km/hr,145.11854,-37.75782,MANNINGHAM,METROPOLITAN SOUTH EAST REGION,2,1,0,0,1,1,2,0,0,0,2,0,0,0,0,0,0,0,0,1,No,0,2,0,2,0,0,Metropolitan Excluding CBD
27/03/2013,16.00.00,No,Collision with vehicle,REAR END(VEHICLES IN SAME LANE),No,Day,No,Cross intersection,Serious injury accident,Not known,145.1296,-37.76997,MANNINGHAM,METROPOLITAN SOUTH EAST REGION,2,1,0,1,0,1,0,2,0,1,1,0,0,0,0,0,0,0,0,0,No,0,2,0,2,0,0,Metropolitan Excluding CBD
28/03/2013,21.55.00,Yes,Collision with a fixed object,LEFT OFF CARRIAGEWAY INTO OBJECT/PARKED VEHICLE,No,Dark Street lights on,Yes,Cross intersection,Serious injury accident,70 km/hr,145.09911,-37.77052,MANNINGHAM,METROPOLITAN SOUTH EAST REGION,2,2,0,2,0,0,1,1,0,1,1,0,0,0,0,0,0,0,1,0,No,0,1,0,1,0,0,Metropolitan Excluding CBD
28/03/2013,10.00.00,No,No collision and no object struck,PARKED CAR RUN AWAY,No,Day,No,Not at intersection,Other injury accident,50 km/hr,145.12657,-37.7532,MANNINGHAM,METROPOLITAN SOUTH EAST REGION,1,1,0,0,1,0,1,0,0,1,0,0,0,0,0,0,0,0,0,0,No,0,1,0,1,0,0,Metropolitan Excluding CBD
29/03/2013,08.00.00,No,Collision with vehicle,HEAD ON (NOT OVERTAKING),No,Day,Yes,Not at intersection,Serious injury accident,70 km/hr,145.18032,-37.74767,MANNINGHAM,METROPOLITAN SOUTH EAST REGION,4,3,0,3,0,1,3,1,0,1,3,0,0,0,0,0,0,0,0,1,No,0,3,0,3,0,0,Metropolitan Excluding CBD
30/03/2013,09.05.00,No,Collision with vehicle,RIGHT THROUGH,No,Day,Yes,T intersection,Serious injury accident,80 km/hr,145.13539,-37.75016,MANNINGHAM,METROPOLITAN SOUTH EAST REGION,2,1,0,1,0,1,1,1,0,0,1,0,0,1,0,0,0,0,0,0,No,0,2,0,1,1,0,Metropolitan Excluding CBD
30/03/2013,14.10.00,Yes,Collision with a fixed object,LEFT OFF CARRIAGEWAY INTO OBJECT/PARKED VEHICLE,No,Day,Yes,Not at intersection,Serious injury accident,60 km/hr,145.08307,-37.76323,MANNINGHAM,METROPOLITAN SOUTH EAST REGION,3,2,0,1,1,1,2,1,0,1,2,0,0,0,0,0,0,0,0,1,No,0,2,0,2,0,0,Metropolitan Excluding CBD
14/04/2013,06.00.00,Yes,Collision with a fixed object,RIGHT OFF CARRIAGEWAY INTO OBJECT/PARKED VEHICLE,Yes,Dusk/Dawn,No,Not at intersection,Serious injury accident,50 km/hr,145.16855,-37.78992,MANNINGHAM,METROPOLITAN SOUTH EAST REGION,1,1,0,1,0,0,1,0,0,0,1,0,0,0,0,0,0,0,0,1,No,0,1,0,1,0,0,Metropolitan Excluding CBD
16/04/2013,08.15.00,No,Collision with vehicle,RIGHT NEAR (INTERSECTIONS ONLY),No,Day,Yes,T intersection,Other injury accident,60 km/hr,145.16332,-37.78171,MANNINGHAM,METROPOLITAN SOUTH EAST REGION,2,1,0,0,1,1,1,1,0,0,2,0,0,0,0,0,0,0,0,0,No,0,2,0,2,0,0,Metropolitan Excluding CBD
18/04/2013,11.15.00,No,Collision with vehicle,REAR END(VEHICLES IN SAME LANE),No,Day,No,Not at intersection,Other injury accident,60 km/hr,145.23383,-37.75419,MANNINGHAM,METROPOLITAN SOUTH EAST REGION,2,1,0,0,1,1,1,1,0,0,2,0,0,0,0,0,0,0,0,0,No,0,2,0,2,0,0,Country
19/04/2013,11.50.00,No,Struck Pedestrian,PED ON FOOTHPATH STRUCK BY VEHENTERING/LEAVING DRIVEWAY.,No,Day,Yes,Not at intersection,Serious injury accident,50 km/hr,145.17324,-37.75648,MANNINGHAM,METROPOLITAN SOUTH EAST REGION,2,1,0,1,0,1,1,1,0,0,1,1,0,0,0,0,0,1,1,0,No,0,1,0,1,0,0,Metropolitan Excluding CBD
23/04/2013,07.50.00,No,Collision with a fixed object,LEFT OFF CARRIAGEWAY INTO OBJECT/PARKED VEHICLE,No,Day,Yes,Not at intersection,Serious injury accident,70 km/hr,145.11662,-37.77534,MANNINGHAM,METROPOLITAN SOUTH EAST REGION,1,1,0,1,0,0,1,0,0,0,1,0,0,0,0,0,0,0,0,1,No,0,1,0,1,0,0,Metropolitan Excluding CBD
26/04/2013,15.00.00,No,Collision with vehicle,REAR END(VEHICLES IN SAME LANE),No,Day,Yes,Not at intersection,Other injury accident,70 km/hr,145.07807,-37.76011,MANNINGHAM,METROPOLITAN SOUTH EAST REGION,3,2,0,0,2,1,1,2,0,0,3,0,0,0,0,0,0,0,0,1,No,0,3,0,3,0,0,Metropolitan Excluding CBD
29/04/2013,17.40.00,No,Collision with vehicle,VEHICLE STRIKES ANOTHER VEH WHILE EMERGING FROM DRIVEWAY,No,Dark Street lights on,Yes,T intersection,Other injury accident,70 km/hr,145.07883,-37.77511,MANNINGHAM,METROPOLITAN SOUTH EAST REGION,3,2,0,0,2,1,2,1,0,1,2,0,0,0,0,0,0,0,0,1,No,0,2,0,2,0,0,Metropolitan Excluding CBD
30/04/2013,15.30.00,No,Collision with vehicle,REAR END(VEHICLES IN SAME LANE),No,Unk.,No,Cross intersection,Other injury accident,70 km/hr,145.08333,-37.76228,MANNINGHAM,METROPOLITAN SOUTH EAST REGION,3,1,0,0,1,2,2,0,0,1,2,0,0,0,0,0,0,0,0,0,No,0,2,1,1,0,0,Metropolitan Excluding CBD
7/05/2013,19.00.00,Yes,Collision with vehicle,REAR END(VEHICLES IN SAME LANE),No,Dark Street lights on,Yes,Not at intersection,Other injury accident,60 km/hr,145.14423,-37.78411,MANNINGHAM,METROPOLITAN SOUTH EAST REGION,2,1,0,0,1,1,1,1,0,0,2,0,0,0,0,0,0,0,0,0,No,0,2,0,2,0,0,Metropolitan Excluding CBD
11/05/2013,08.30.00,No,Collision with vehicle,LANE CHANGE LEFT (NOT OVERTAKING),No,Unk.,No,Not at intersection,Other injury accident,Not known,145.16148,-37.79174,MANNINGHAM,METROPOLITAN SOUTH EAST REGION,2,1,0,0,1,1,0,2,0,0,2,0,0,0,0,0,0,0,0,1,No,0,2,0,2,0,0,Metropolitan Excluding CBD
14/05/2013,22.00.00,Yes,Collision with vehicle,REAR END(VEHICLES IN SAME LANE),No,Dark Street lights on,Yes,Not at intersection,Other injury accident,40 km/hr,145.14844,-37.79993,MANNINGHAM,METROPOLITAN SOUTH EAST REGION,5,2,0,0,2,3,4,1,0,3,2,0,0,0,0,0,0,0,0,1,No,0,2,0,2,0,0,Metropolitan Excluding CBD
15/05/2013,12.35.00,No,Collision with vehicle,RIGHT THROUGH,No,Day,Yes,Cross intersection,Other injury accident,60 km/hr,145.16159,-37.79114,MANNINGHAM,METROPOLITAN SOUTH EAST REGION,2,1,0,0,1,1,1,1,0,0,2,0,0,0,0,0,0,0,0,0,No,0,2,0,2,0,0,Metropolitan Excluding CBD